{
  "logistic_regression": {
    "val_accuracy": 0.6456436931079323,
    "val_precision": 0.32616940581542353,
    "val_recall": 0.9555555555555556,
    "val_f1": 0.48633364750235625,
    "val_roc_auc": 0.8634741208085056,
    "test_accuracy": 0.5664904432696218,
    "test_precision": 0.36424242424242426,
    "test_recall": 0.9724919093851133,
    "test_f1": 0.5299823633156967,
    "test_roc_auc": 0.8354471767665316
  },
  "random_forest": {
    "val_accuracy": 0.788036410923277,
    "val_precision": 0.4406779661016949,
    "val_recall": 0.7703703703703704,
    "val_f1": 0.5606469002695418,
    "val_roc_auc": 0.872105386143241,
    "test_accuracy": 0.7738918259455063,
    "test_precision": 0.5336225596529284,
    "test_recall": 0.7961165048543689,
    "test_f1": 0.638961038961039,
    "test_roc_auc": 0.8595959702497411
  },
  "gradient_boosting": {
    "val_accuracy": 0.8355006501950585,
    "val_precision": 0.537117903930131,
    "val_recall": 0.45555555555555555,
    "val_f1": 0.49298597194388777,
    "val_roc_auc": 0.8723069283794836,
    "test_accuracy": 0.7913786091907279,
    "test_precision": 0.6078028747433265,
    "test_recall": 0.47896440129449835,
    "test_f1": 0.5357466063348416,
    "test_roc_auc": 0.8493721753162855
  },
  "xgboost": {
    "val_accuracy": 0.8368010403120937,
    "val_precision": 0.5394190871369294,
    "val_recall": 0.48148148148148145,
    "val_f1": 0.5088062622309197,
    "val_roc_auc": 0.8764633718892394,
    "test_accuracy": 0.8019520130134201,
    "test_precision": 0.6339468302658486,
    "test_recall": 0.5016181229773463,
    "test_f1": 0.5600722673893406,
    "test_roc_auc": 0.8559844182052458
  }
}