{
  "linear_regression": {
    "rolling_mean_3": 3.332873028667879,
    "year_normalized": 1.09157008038883,
    "lag_1": 1.011370794166167,
    "lag_2": 0.8996712207999437,
    "income_enc": -0.4435584746881385,
    "ci_width": 0.43765978791002413,
    "education_enc": -0.3649515266268583,
    "region_enc": -0.35660334626088525,
    "stratum_value_enc": 0.21343951790034554,
    "stratum_category_enc": -0.15289704196177217,
    "trend_1yr": 0.08153682056356541,
    "LocationAbbr_enc": 0.05671095017850608,
    "gender_enc": 0.01618555978401303
  },
  "ridge": {
    "rolling_mean_3": 3.3173017470834503,
    "year_normalized": 1.0913942312748903,
    "lag_1": 1.026114683363211,
    "lag_2": 0.9010035586548201,
    "income_enc": -0.4435283571137546,
    "ci_width": 0.43757203836519337,
    "education_enc": -0.36493125045983943,
    "region_enc": -0.3565420854390459,
    "stratum_value_enc": 0.21340030960040185,
    "stratum_category_enc": -0.1528852328527472,
    "trend_1yr": 0.07822399441617318,
    "LocationAbbr_enc": 0.05674847656680546,
    "gender_enc": 0.01617821643126892
  },
  "lasso": {
    "rolling_mean_3": 3.286925531330712,
    "lag_1": 1.134625696133233,
    "year_normalized": 0.9818400904078278,
    "lag_2": 0.7809476688952905,
    "income_enc": -0.3641560744640373,
    "ci_width": 0.3207119665694908,
    "education_enc": -0.2919214698878003,
    "region_enc": -0.2585417125137788,
    "stratum_value_enc": 0.04646484577191708,
    "stratum_category_enc": -0.0,
    "LocationAbbr_enc": 0.0,
    "gender_enc": -0.0,
    "trend_1yr": 0.0
  },
  "random_forest": {
    "rolling_mean_3": 0.7697734303310371,
    "ci_width": 0.07097277087024181,
    "stratum_value_enc": 0.06750343485726845,
    "year_normalized": 0.014740295076320652,
    "region_enc": 0.014704219918951248,
    "stratum_category_enc": 0.014175478208184577,
    "lag_1": 0.013025666057220052,
    "LocationAbbr_enc": 0.01277895917261696,
    "lag_2": 0.009792890879659153,
    "income_enc": 0.005397787119057191,
    "trend_1yr": 0.005263142915012154,
    "education_enc": 0.0014306955050627575,
    "gender_enc": 0.0004412290893680282
  },
  "gradient_boosting": {
    "rolling_mean_3": 0.7469399367973933,
    "ci_width": 0.057337324940895926,
    "stratum_value_enc": 0.048928186318628636,
    "lag_1": 0.04705933190541706,
    "year_normalized": 0.031578505149801345,
    "lag_2": 0.016133219895729477,
    "region_enc": 0.014219347204874657,
    "stratum_category_enc": 0.012705448612178842,
    "LocationAbbr_enc": 0.01200658582230137,
    "income_enc": 0.0068249113340051,
    "trend_1yr": 0.0038947818008660626,
    "education_enc": 0.002372420217908333,
    "gender_enc": 0.0
  },
  "xgboost": {
    "rolling_mean_3": 0.5404507517814636,
    "lag_1": 0.06871799379587173,
    "education_enc": 0.06278140842914581,
    "stratum_category_enc": 0.057350412011146545,
    "income_enc": 0.05729569494724274,
    "stratum_value_enc": 0.04751397669315338,
    "year_normalized": 0.03901880234479904,
    "lag_2": 0.03331702947616577,
    "ci_width": 0.03257191181182861,
    "region_enc": 0.0273042693734169,
    "LocationAbbr_enc": 0.017114834859967232,
    "trend_1yr": 0.011497140862047672,
    "gender_enc": 0.0050658006221055984
  }
}