{
  "logistic_regression": {
    "lag_1": 1.3087746373528446,
    "lag_2": 1.2280857743796891,
    "ci_width": 0.6317762627234789,
    "year_normalized": 0.5097136456958722,
    "education_enc": -0.3491137497820635,
    "income_enc": -0.3435215642970315,
    "rolling_mean_3": -0.2111482724917913,
    "region_enc": -0.1730050341537966,
    "trend_1yr": 0.13706818537979232,
    "stratum_category_enc": -0.07808224697405489,
    "LocationAbbr_enc": -0.0689080419077637,
    "gender_enc": 0.046513968490948424,
    "stratum_value_enc": -0.011269915632856798
  },
  "random_forest": {
    "rolling_mean_3": 0.24279970353217797,
    "lag_1": 0.22983549541342088,
    "ci_width": 0.17083549561151784,
    "lag_2": 0.11786426212086357,
    "trend_1yr": 0.04192365404132861,
    "LocationAbbr_enc": 0.03951569313986655,
    "stratum_value_enc": 0.03891334642918252,
    "year_normalized": 0.031140976872357784,
    "region_enc": 0.027567009698837533,
    "income_enc": 0.026556110053876984,
    "stratum_category_enc": 0.0208303758784587,
    "education_enc": 0.009469705854353737,
    "gender_enc": 0.0027481713537572607
  },
  "gradient_boosting": {
    "rolling_mean_3": 0.49677666879746557,
    "ci_width": 0.14055438985869445,
    "lag_1": 0.08651015191291951,
    "lag_2": 0.05318040091825605,
    "LocationAbbr_enc": 0.04930059306712063,
    "stratum_value_enc": 0.03891227684104963,
    "trend_1yr": 0.036333986938373385,
    "year_normalized": 0.03458628961215464,
    "income_enc": 0.02573875125546374,
    "region_enc": 0.02198080758894612,
    "education_enc": 0.00875080090413886,
    "stratum_category_enc": 0.0046056519386816885,
    "gender_enc": 0.0027692303667356142
  },
  "xgboost": {
    "rolling_mean_3": 0.35307902097702026,
    "ci_width": 0.09898416697978973,
    "lag_1": 0.09119373559951782,
    "year_normalized": 0.06572413444519043,
    "income_enc": 0.055421460419893265,
    "region_enc": 0.05294100195169449,
    "lag_2": 0.04346537962555885,
    "LocationAbbr_enc": 0.04333774000406265,
    "education_enc": 0.04319502413272858,
    "stratum_value_enc": 0.04193016141653061,
    "gender_enc": 0.039919573813676834,
    "stratum_category_enc": 0.037283651530742645,
    "trend_1yr": 0.03352488577365875
  }
}