{
    "mae": 2.70022989064016,
    "mse": 15.144063535210778,
    "rmse": 3.8915374256469355,
    "r2": 0.7145971636851542
}