{
  "linear_regression": {
    "val_mae": 2.701669631012351,
    "val_rmse": 3.9369433870630597,
    "val_r2": 0.6922661685332459,
    "test_mae": 4.0127006935876866,
    "test_rmse": 5.273443376228114,
    "test_r2": 0.48847730136944767
  },
  "ridge": {
    "val_mae": 2.7015187060101873,
    "val_rmse": 3.93675622110931,
    "val_r2": 0.6922954277433947,
    "test_mae": 4.012228948906381,
    "test_rmse": 5.272947284002214,
    "test_r2": 0.48857353848811014
  },
  "lasso": {
    "val_mae": 2.625917089901881,
    "val_rmse": 3.8536929316726876,
    "val_r2": 0.7051432206573436,
    "test_mae": 3.7109496820082217,
    "test_rmse": 4.975798894726287,
    "test_r2": 0.5445906168396195
  },
  "random_forest": {
    "val_mae": 2.44275397971258,
    "val_rmse": 3.5469260015935054,
    "val_r2": 0.7502179873333864,
    "test_mae": 2.68692636654164,
    "test_rmse": 3.969805719513058,
    "test_r2": 0.7101222764333832
  },
  "gradient_boosting": {
    "val_mae": 2.419098806430579,
    "val_rmse": 3.5119796599008066,
    "val_r2": 0.7551157304333767,
    "test_mae": 2.6347366092457816,
    "test_rmse": 3.867696555456,
    "test_r2": 0.7248426467825684
  },
  "xgboost": {
    "val_mae": 2.410143754967546,
    "val_rmse": 3.4738752090930127,
    "val_r2": 0.7604008177911417,
    "test_mae": 2.628580414372204,
    "test_rmse": 3.8399669153643083,
    "test_r2": 0.7287740112953808
  }
}