{
    "anova_stratum": {
        "f_stat": 23.762036269946176,
        "p_value": 6.680070329123682e-24,
        "significant": true
    },
    "tukey_stratum": "        Multiple Comparison of Means - Tukey HSD, FWER=0.05         \n    group1    ,    group2    ,meandiff,p-adj , lower , upper ,reject\nAge (years)   ,Education     ,0.8295  ,0.0   ,0.331  ,1.3281 ,True  \nAge (years)   ,Income        ,1.4357  ,0.0   ,1.006  ,1.8654 ,True  \nAge (years)   ,Race/Ethnicity,0.13    ,0.9661,-0.3281,0.588  ,False \nAge (years)   ,Sex           ,0.293   ,0.7718,-0.3376,0.9236 ,False \nAge (years)   ,Total         ,0.3061  ,0.9024,-0.5281,1.1403 ,False \nEducation     ,Income        ,0.6062  ,0.0048,0.1221 ,1.0903 ,True  \nEducation     ,Race/Ethnicity,-0.6996 ,0.0013,-1.209 ,-0.1902,True  \nEducation     ,Sex           ,-0.5366 ,0.1996,-1.2054,0.1323 ,False \nEducation     ,Total         ,-0.5235 ,0.5133,-1.387 ,0.34   ,False \nIncome        ,Race/Ethnicity,-1.3058 ,0.0   ,-1.748 ,-0.8635,True  \nIncome        ,Sex           ,-1.1428 ,0.0   ,-1.762 ,-0.5235,True  \nIncome        ,Total         ,-1.1297 ,0.0014,-1.9553,-0.304 ,True  \nRace/Ethnicity,Sex           ,0.163   ,0.9787,-0.4762,0.8022 ,False \nRace/Ethnicity,Total         ,0.1761  ,0.9913,-0.6646,1.0169 ,False \nSex           ,Total         ,0.0131  ,1.0   ,-0.9328,0.959  ,False ",
    "ttest_gender": {
        "t_stat": -1.4104202643447108,
        "p_value": 0.15862295813568808,
        "significant": false,
        "male_mean": 30.80439414114514,
        "female_mean": 31.134487350199734
    },
    "income_correlation": {
        "spearman_rho": -0.3537614071615112,
        "p_value": 6.201248778602382e-133,
        "significant": true
    },
    "education_correlation": {
        "spearman_rho": -0.51983628504677,
        "p_value": 1.2284259188974743e-207,
        "significant": true
    }
}